﻿subway,서울역,,37.5544092,126.9707527,,150,,공항철도 1호선&경의선&경의선&경부선&4호선&1호선,,서울특별시 용산구 청파로 378 철도청,서울특별시 용산구 동자동 43-205,서울특별시,용산구,동자동,43-205
subway,시청역,,37.56499534,126.9762809,,151,,2호선&1호선,,서울특별시 중구 세종대로 99 덕수궁,서울특별시 중구 정동 5-1,서울특별시,중구,정동,5-1
subway,종각역,,37.57007096,126.9830618,,152,,1호선,,서울특별시 종로구 종로 55 종각지하철역사,서울특별시 종로구 관철동 291-2,서울특별시,종로구,관철동,291-2
subway,종로3가역,,37.57148477,126.992004,,153,,5호선&3호선&1호선,,,서울특별시 종로구 묘동 60-2,서울특별시,종로구,묘동,60-2
subway,종로5가역,,37.57076436,127.0015216,,154,,1호선,,서울특별시 종로구 종로 214,서울특별시 종로구 종로5가 138-2,서울특별시,종로구,종로5가,138-2
subway,동대문역,,37.57093701,127.0105456,,155,,4호선&1호선,,,서울특별시 종로구 창신동 463-5,서울특별시,종로구,창신동,463-5
subway,신설동역,,37.57537509,127.0249772,,156,,2호선&1호선,,서울특별시 동대문구 왕산로2길 16-2,서울특별시 동대문구 신설동 102-34,서울특별시,동대문구,신설동,102-34
subway,제기동역,,37.57806483,127.0349855,,157,,1호선,,,서울특별시 동대문구 용두동 47-1,서울특별시,동대문구,용두동,47-1
subway,청량리역,,37.57979466,127.0460808,,158,,경원선&1호선,,서울특별시 동대문구 왕산로 205 청량리역,서울특별시 동대문구 전농동 620-69,서울특별시,동대문구,전농동,620-69
subway,동묘앞역,,37.57229512,127.0162826,,159,,6호선&1호선,,서울특별시 종로구 종로56길 20-8 G7,서울특별시 종로구 숭인동 313-12,서울특별시,종로구,숭인동,313-12
subway,을지로3가역,,37.56648602,126.9912576,,203,,3호선&2호선,,,서울특별시 중구 을지로3가 65-28,서울특별시,중구,을지로3가,65-28
subway,을지로입구역,,37.56578928,126.9819174,,202,,2호선,,서울특별시 중구 남대문로 81 롯데백화점 본점,서울특별시 중구 을지로1가 140-1,서울특별시,중구,을지로1가,140-1
subway,을지로4가역,,37.56712433,126.9983432,,204,,5호선&2호선,,서울특별시 중구 창경궁로 51 을지로4가역 5호선,서울특별시 중구 을지로4가 103-1,서울특별시,중구,을지로4가,103-1
subway,동대문역사문화공원역,,37.56524294,127.0078284,,205,,5호선&4호선&2호선,,서울특별시 중구 장충단로 230 동대문역사문화공원역 4호선,서울특별시 중구 을지로7가 134-5,서울특별시,중구,을지로7가,134-5
subway,신당역,,37.56564562,127.0178342,,206,,6호선&2호선,,서울특별시 중구 다산로 260 신당역 6호선,서울특별시 중구 흥인동 162-1,서울특별시,중구,흥인동,162-1
subway,상왕십리역,,37.56438569,127.0293246,,207,,2호선,,,서울특별시 성동구 하왕십리동 960-3,서울특별시,성동구,하왕십리동,960-3
subway,왕십리역,,37.56131665,127.0370741,,208,,경원선,,,서울특별시 성동구 행당동 188-1,서울특별시,성동구,행당동,188-1
subway,한양대역,,37.55554818,127.0435675,,209,,2호선,,,서울특별시 성동구 행당동 64-1,서울특별시,성동구,행당동,64-1
subway,뚝섬역,,37.54726848,127.0473243,,210,,2호선,,,서울특별시 성동구 성수동1가 656-853,서울특별시,성동구,성수동1가,656-853
subway,성수역,,37.54456548,127.0558817,,211,,2호선,,,서울특별시 성동구 성수동2가 276-5,서울특별시,성동구,성수동2가,276-5
subway,건대입구역,,37.54077017,127.0703305,,212,,7호선&2호선,,서울특별시 광진구 동일로22길 111,서울특별시 광진구 화양동 5-48,서울특별시,광진구,화양동,5-48
subway,구의역,,37.5370658,127.0861764,,213,,2호선,,,서울특별시 광진구 자양동 216-14,서울특별시,광진구,자양동,216-14
subway,강변역,,37.53515647,127.0947187,,214,,2호선,,서울특별시 광진구 강변역로 53 2호선 강변역,서울특별시 광진구 구의동 546-6,서울특별시,광진구,구의동,546-6
subway,잠실나루역,,37.52060023,127.1031846,,215,,2호선,,서울특별시 송파구 올림픽로35길 94 장미3차맨션,서울특별시 송파구 신천동 11,서울특별시,송파구,신천동,11
subway,잠실역,,37.51359863,127.1020893,,216,,8호선&2호선,,서울특별시 송파구 올림픽로 300,서울특별시 송파구 신천동 29,서울특별시,송파구,신천동,29
subway,신천역,,37.51162144,127.0865458,,217,,2호선,,서울특별시 송파구 올림픽로 140 신천역,서울특별시 송파구 잠실동 21,서울특별시,송파구,잠실동,21
subway,종합운동장역,,37.51134858,127.0741808,,218,,9호선2단계&2호선,,서울특별시 송파구 올림픽로 23 종합운동장역,서울특별시 송파구 잠실동 11,서울특별시,송파구,잠실동,11
subway,삼성역,,37.50904841,127.0629362,,219,,2호선,,,서울특별시 강남구 삼성동 111-8,서울특별시,강남구,삼성동,111-8
subway,선릉역,,37.50497496,127.0493839,,220,,분당선&2호선,,서울특별시 강남구 테헤란로 401 남경센타,서울특별시 강남구 삼성동 141-35,서울특별시,강남구,삼성동,141-35
subway,역삼역,,37.50038426,127.0369412,,221,,2호선,,서울특별시 강남구 테헤란로 152 강남파이낸스센터,서울특별시 강남구 역삼동 737,서울특별시,강남구,역삼동,737
subway,강남역,,37.49690873,127.0280737,,222,,2호선,,,서울특별시 서초구 서초동 1374,서울특별시,서초구,서초동,1374
subway,서초역,,37.49157762,127.0080031,,224,,2호선,,,서울특별시 서초구 서초동 1542-23,서울특별시,서초구,서초동,1542-23
subway,방배역,,37.48151535,126.9975193,,225,,2호선,,서울특별시 서초구 방배로 80 방배역,서울특별시 서초구 방배동 912-14,서울특별시,서초구,방배동,912-14
subway,사당역,,37.47660148,126.9816152,,226,,4호선&2호선,,서울특별시 동작구 동작대로 3 사당역(4호선),서울특별시 동작구 사당동 588-45,서울특별시,동작구,사당동,588-45
subway,낙성대역,,37.47755938,126.9637296,,227,,2호선,,서울특별시 관악구 남부순환로 1929-5 쏘라시티오피스텔,서울특별시 관악구 봉천동 1686-29,서울특별시,관악구,봉천동,1686-29
subway,서울대입구역,,37.48105136,126.9530324,,228,,2호선,,서울특별시 관악구 남부순환로 1822 서울대입구역사,서울특별시 관악구 봉천동 979-1,서울특별시,관악구,봉천동,979-1
subway,봉천역,,37.48216335,126.9415672,,229,,2호선,,서울특별시 관악구 남부순환로 1724 경원빌딩,서울특별시 관악구 봉천동 930-45,서울특별시,관악구,봉천동,930-45
subway,신림역,,37.48374247,126.9296716,,230,,2호선,,,서울특별시 관악구 신림동 1642-9,서울특별시,관악구,신림동,1642-9
subway,신대방역,,37.48755131,126.9128748,,231,,2호선,,서울특별시 동작구 대림로 2 신대방역2호선,서울특별시 동작구 신대방동 643-1,서울특별시,동작구,신대방동,643-1
subway,구로디지털단지역,,37.48531865,126.9016069,,232,,2호선,,,서울특별시 영등포구 대림동 1103-11,서울특별시,영등포구,대림동,1103-11
subway,대림역,,37.49338622,126.8954221,,233,,7호선&2호선,,,서울특별시 영등포구 대림동 1052-5,서울특별시,영등포구,대림동,1052-5
subway,신도림역,,37.50874248,126.8911025,,234,,경부선&2호선,,서울특별시 구로구 새말로 117-21 신도림역,서울특별시 구로구 신도림동 460-26,서울특별시,구로구,신도림동,460-26
subway,문래역,,37.51800085,126.8947357,,235,,2호선,,서울특별시 영등포구 당산로 28 문래역,서울특별시 영등포구 문래동3가 68-1,서울특별시,영등포구,문래동3가,68-1
subway,영등포구청역,,37.52497943,126.8961466,,236,,5호선&2호선,,서울특별시 영등포구 당산로 121 영등포구청역,서울특별시 영등포구 당산동3가 270-1,서울특별시,영등포구,당산동3가,270-1
subway,당산역,,37.53487066,126.9025365,,237,,9호선&2호선,,서울특별시 영등포구 당산로 229 당산역,서울특별시 영등포구 당산동6가 323-1,서울특별시,영등포구,당산동6가,323-1
subway,합정역,,37.54993725,126.9142178,,238,,6호선&2호선,,,서울특별시 마포구 합정동 417-19,서울특별시,마포구,합정동,417-19
subway,홍대입구역,,37.55673836,126.9252557,,239,,공항철도 1호선&경의선&2호선,,,서울특별시 마포구 동교동 192-6,서울특별시,마포구,동교동,192-6
subway,신촌역,,37.55537589,126.9370587,,240,,경의선&2호선,,,서울특별시 서대문구 창천동 30-16,서울특별시,서대문구,창천동,30-16
subway,이대역,,37.55651581,126.946261,,241,,2호선,,,서울특별시 마포구 대흥동 2-1,서울특별시,마포구,대흥동,2-1
subway,아현역,,37.55707127,126.9557537,,242,,2호선,,서울특별시 마포구 신촌로 270,서울특별시 마포구 아현동 329-1,서울특별시,마포구,아현동,329-1
subway,충정로역,,37.56028887,126.9638554,,243,,5호선&2호선,,서울특별시 서대문구 충정로4길 22-15,서울특별시 서대문구 충정로3가 360-12,서울특별시,서대문구,충정로3가,360-12
subway,용답역,,37.56190643,127.0506563,,244,,2호선,,,서울특별시 성동구 사근동 235-1,서울특별시,성동구,사근동,235-1
subway,신답역,,37.57023285,127.0474696,,245,,2호선,,,서울특별시 성동구 용답동 128-3,서울특별시,성동구,용답동,128-3
subway,도림천역,,37.51418683,126.8823714,,247,,2호선,,서울특별시 구로구 경인로67길 159 신도림고등학교,서울특별시 구로구 신도림동 270-2,서울특별시,구로구,신도림동,270-2
subway,양천구청역,,37.51201388,126.8658975,,248,,2호선,,서울특별시 양천구 목동로3길 57 양천아파트,서울특별시 양천구 신정동 276,서울특별시,양천구,신정동,276
subway,신정네거리역,,37.51979397,126.8531463,,249,,2호선,,,서울특별시 양천구 신정동 1092,서울특별시,양천구,신정동,1092
subway,용두역,,37.57416449,127.0379179,,250,,2호선,,,서울특별시 동대문구 용두동 47-1,서울특별시,동대문구,용두동,47-1
subway,지축역,,37.6479459,126.9137859,,309,,3호선,,,경기도 고양시 덕양구 지축동 702-9,경기도,고양시 덕양구,지축동,702-9
subway,구파발역,,37.63675929,126.9186481,,310,,3호선,,,서울특별시 은평구 진관동,서울특별시,은평구,진관동,
subway,연신내역,,37.61886021,126.9209198,,311,,6호선&3호선,,서울특별시 은평구 통일로 849 3,서울특별시 은평구 갈현동 397,서울특별시,은평구,갈현동,397
subway,불광역,,37.60984534,126.9298313,,312,,6호선&3호선,,,서울특별시 은평구 대조동 15-19,서울특별시,은평구,대조동,15-19
subway,녹번역,,37.60078498,126.9358871,,313,,3호선,,서울특별시 은평구 통일로 602-1 지하철3호선 녹번역,서울특별시 은평구 녹번동 55,서울특별시,은평구,녹번동,55
subway,홍제역,,37.58876297,126.9442082,,314,,3호선,,서울특별시 서대문구 통일로 440-1 홍제역,서울특별시 서대문구 홍제동 161-1,서울특별시,서대문구,홍제동,161-1
subway,무악재역,,37.58243016,126.9505666,,315,,3호선,,서울특별시 서대문구 통일로 361 무악재역,서울특별시 서대문구 홍제동 26-1,서울특별시,서대문구,홍제동,26-1
subway,독립문역,,37.57451522,126.9578848,,316,,3호선,,,서울특별시 종로구 무악동 41-6,서울특별시,종로구,무악동,41-6
subway,경복궁역,,37.57576324,126.9731438,,317,,3호선,,,서울특별시 종로구 적선동 81-1,서울특별시,종로구,적선동,81-1
subway,안국역,,37.57659441,126.9851206,,318,,3호선,,서울특별시 종로구 율곡로 53,서울특별시 종로구 안국동 148,서울특별시,종로구,안국동,148
subway,충무로역,,37.56157405,126.9942237,,321,,4호선&3호선,,,서울특별시 중구 필동2가 13-27,서울특별시,중구,필동2가,13-27
subway,동대입구역,,37.55957402,127.005415,,322,,3호선,,,서울특별시 중구 장충동2가 189-4,서울특별시,중구,장충동2가,189-4
subway,약수역,,37.55396235,127.0107337,,323,,6호선&3호선,,,서울특별시 중구 신당동 368-57,서울특별시,중구,신당동,368-57
subway,금호역,,37.54801533,127.0156124,,324,,3호선,,,서울특별시 성동구 금호동4가 1470-1,서울특별시,성동구,금호동4가,1470-1
subway,옥수역,,37.54113141,127.0182136,,325,,경원선&3호선,,,서울특별시 성동구 옥수동 78-2,서울특별시,성동구,옥수동,78-2
subway,압구정역,,37.52661631,127.028487,,326,,3호선,,,서울특별시 강남구 신사동 668,서울특별시,강남구,신사동,668
subway,신사역,,37.51646188,127.0202532,,327,,3호선,,,서울특별시 강남구 신사동 501-5,서울특별시,강남구,신사동,501-5
subway,잠원역,,37.51260669,127.0113756,,328,,3호선,,서울특별시 서초구 잠원로4길 36-15 베니하우스,서울특별시 서초구 잠원동 60-22,서울특별시,서초구,잠원동,60-22
subway,고속터미널역,,37.50461701,127.004919,,329,,9호선&7호선&3호선,,서울특별시 서초구 신반포로 176 센트럴시티빌딩,서울특별시 서초구 반포동 19-3,서울특별시,서초구,반포동,19-3
subway,교대역,,37.49336112,127.013906,,330,,3호선&2호선,,,서울특별시 서초구 서초동 1672-10,서울특별시,서초구,서초동,1672-10
subway,남부터미널역,,37.48514369,127.0166047,,331,,3호선,,,서울특별시 서초구 서초동 1748-36,서울특별시,서초구,서초동,1748-36
subway,양재역,,37.48390396,127.0341972,,332,,3호선,,서울특별시 서초구 강남대로 221 동성빌딩,서울특별시 서초구 양재동 23,서울특별시,서초구,양재동,23
subway,매봉역,,37.48733427,127.0471791,,333,,3호선,,서울특별시 강남구 남부순환로 2744 매봉역,서울특별시 강남구 도곡동 179-2,서울특별시,강남구,도곡동,179-2
subway,도곡역,,37.49091672,127.0555398,,334,,분당선&3호선,,서울특별시 강남구 남부순환로 2814 도곡역,서울특별시 강남구 대치동 600-7,서울특별시,강남구,대치동,600-7
subway,대치역,,37.49404819,127.0636928,,335,,3호선,,서울특별시 강남구 삼성로 156 하이마트사옥,서울특별시 강남구 대치동 509,서울특별시,강남구,대치동,509
subway,학여울역,,37.49652003,127.0710679,,336,,3호선,,,서울특별시 강남구 대치동 514-3,서울특별시,강남구,대치동,514-3
subway,대청역,,37.4939486,127.0796732,,337,,3호선,,서울특별시 강남구 개포로 623 대청타워,서울특별시 강남구 개포동 13-3,서울특별시,강남구,개포동,13-3
subway,일원역,,37.48445574,127.0848417,,338,,3호선,,서울특별시 강남구 일원로 121 일원역,서울특별시 강남구 일원동 717,서울특별시,강남구,일원동,717
subway,수서역,,37.48727127,127.1023027,,339,,분당선&3호선,,서울특별시 강남구 광평로 280 로즈데일오피스텔,서울특별시 강남구 수서동 724,서울특별시,강남구,수서동,724
subway,경찰병원역,,37.49553995,127.1240256,,341,,3호선,,서울특별시 송파구 중대로 149 경찰병원역,서울특별시 송파구 가락동 10-15,서울특별시,송파구,가락동,10-15
subway,당고개역,,37.67047739,127.0790735,,409,,4호선,,,서울특별시 노원구 상계동 111-627,서울특별시,노원구,상계동,111-627
subway,상계역,,37.66036492,127.0732967,,410,,4호선,,서울특별시 노원구 한글비석로 399 벽산아파트,서울특별시 노원구 상계동 173-6,서울특별시,노원구,상계동,173-6
subway,노원역,,37.65536877,127.0625352,,411,,7호선&4호선,,,서울특별시 노원구 상계동 606-13,서울특별시,노원구,상계동,606-13
subway,창동역,,37.65328521,127.0477927,,412,,경원선&4호선,,서울특별시 도봉구 마들로11길 77 창동역,서울특별시 도봉구 창동 135-1,서울특별시,도봉구,창동,135-1
subway,쌍문역,,37.64861524,127.0351078,,413,,4호선,,서울특별시 도봉구 도봉로 484,서울특별시 도봉구 창동 659-12,서울특별시,도봉구,창동,659-12
subway,수유역,,37.63759681,127.0256085,,414,,4호선,,서울특별시 강북구 도봉로 334 영광빌딩,서울특별시 강북구 번동 446-50,서울특별시,강북구,번동,446-50
subway,미아역,,37.62647856,127.0264659,,415,,4호선,,서울특별시 강북구 도봉로 200 삼양주유소,서울특별시 강북구 미아동 197-14,서울특별시,강북구,미아동,197-14
subway,미아사거리역,,37.61331615,127.0303576,,416,,4호선,,서울특별시 강북구 도봉로 48,서울특별시 강북구 미아동 71-5,서울특별시,강북구,미아동,71-5
subway,길음역,,37.6034498,127.0248863,,417,,4호선,,서울특별시 성북구 동소문로 248 삼부아파트,서울특별시 성북구 길음동 1276-2,서울특별시,성북구,길음동,1276-2
subway,성신여대입구역,,37.59283757,127.0165313,,418,,4호선,,,서울특별시 성북구 동선동4가 1-1,서울특별시,성북구,동선동4가,1-1
subway,한성대입구역,,37.5884957,127.0059056,,419,,4호선,,,서울특별시 성북구 성북동1가 50-3,서울특별시,성북구,성북동1가,50-3
subway,혜화역,,37.58217807,127.0018975,,420,,4호선,,서울특별시 종로구 대학로 120,서울특별시 종로구 동숭동 67-2,서울특별시,종로구,동숭동,67-2
subway,명동역,,37.56110477,126.9861788,,424,,4호선,,서울특별시 중구 퇴계로 124 명동역지하쇼핑센터,서울특별시 중구 충무로2가 111,서울특별시,중구,충무로2가,111
subway,회현역,,37.55870688,126.9784787,,425,,4호선,,서울특별시 중구 퇴계로 54 회현역 4호선,서울특별시 중구 남창동 116-1,서울특별시,중구,남창동,116-1
subway,숙대입구역,,37.54445188,126.9724858,,427,,4호선,,서울특별시 용산구 한강대로 294 농협남영동지점,서울특별시 용산구 남영동 20,서울특별시,용산구,남영동,20
subway,삼각지역,,37.53484755,126.9734988,,428,,6호선&4호선,,서울특별시 용산구 한강대로 180 4호선 삼각지역,서울특별시 용산구 한강로1가 228-1,서울특별시,용산구,한강로1가,228-1
subway,신용산역,,37.52918797,126.968342,,429,,4호선,,서울특별시 용산구 한강대로 112 4호선 신용산역,서울특별시 용산구 한강로2가 181,서울특별시,용산구,한강로2가,181
subway,이촌역,,37.52212565,126.9741234,,430,,경원선&4호선,,,서울특별시 용산구 용산동5가 17-69,서울특별시,용산구,용산동5가,17-69
subway,동작역,,37.50284532,126.9788804,,431,,9호선&4호선,,서울특별시 동작구 현충로 220 9호선 동작역,서울특별시 동작구 동작동 326,서울특별시,동작구,동작동,326
subway,총신대입구역,,37.48608012,126.9822458,,432,,4호선,,,서울특별시 서초구 방배동 2298,서울특별시,서초구,방배동,2298
subway,남태령역,,37.46415062,126.9889974,,434,,4호선,,,서울특별시 서초구 방배동 2911-2,서울특별시,서초구,방배동,2911-2
subway,남영역,,37.54154316,126.971197,,1002,,경부선,,서울특별시 용산구 한강대로77길 25 남영역,서울특별시 용산구 갈월동 96-1,서울특별시,용산구,갈월동,96-1
subway,용산역,,37.52967336,126.9644817,,1003,,경부선,,서울특별시 용산구 한강대로23길 55 용산민자역사,서울특별시 용산구 한강로3가 40-999,서울특별시,용산구,한강로3가,40-999
subway,노량진역,,37.51416056,126.9434509,,1004,,경부선&9호선,,서울특별시 동작구 노량진로 151 철도 초소,서울특별시 동작구 노량진동 112-1,서울특별시,동작구,노량진동,112-1
subway,대방역,,37.51382684,126.9267924,,1005,,경부선,,서울특별시 영등포구 여의대방로62길 2 봉덕빌딩,서울특별시 영등포구 신길동 1432,서울특별시,영등포구,신길동,1432
subway,영등포역,,37.51543483,126.9074713,,1006,,경부선,,서울특별시 영등포구 경인로102길 13 영등포 민자역사,서울특별시 영등포구 영등포동 618-496,서울특별시,영등포구,영등포동,618-496
subway,서빙고역,,37.51940709,126.9883773,,1009,,경원선,,서울특별시 용산구 서빙고로62길 3,서울특별시 용산구 서빙고동 241-11,서울특별시,용산구,서빙고동,241-11
subway,한남역,,37.52940865,127.0087078,,1010,,경원선,,,서울특별시 용산구 한남동 399-8,서울특별시,용산구,한남동,399-8
subway,응봉역,,37.5499289,127.0344297,,1012,,경원선,,,서울특별시 성동구 응봉동 3-10,서울특별시,성동구,응봉동,3-10
subway,회기역,,37.58959942,127.0581337,,1015,,중앙선,,서울특별시 동대문구 휘경로12길 55,서울특별시 동대문구 휘경동 267-122,서울특별시,동대문구,휘경동,267-122
subway,외대앞역,,37.59602963,127.0637459,,1016,,경원선,,서울특별시 동대문구 휘경로11가길 4-2,서울특별시 동대문구 이문동 126-38,서울특별시,동대문구,이문동,126-38
subway,신이문역,,37.60203541,127.0673928,,1017,,경원선,,,서울특별시 동대문구 이문동 360-1,서울특별시,동대문구,이문동,360-1
subway,석계역,,37.61465339,127.0662622,,1018,,경원선&6호선,,,서울특별시 성북구 석관동 375-95,서울특별시,성북구,석관동,375-95
subway,광운대역,,37.62355743,127.0618069,,1019,,경원선,,서울특별시 노원구 석계로 98-2 성북역,서울특별시 노원구 월계동 85,서울특별시,노원구,월계동,85
subway,월계역,,37.63309847,127.05886,,1020,,경원선,,,서울특별시 노원구 월계동 263-6,서울특별시,노원구,월계동,263-6
subway,녹천역,,37.64414708,127.0531669,,1021,,경원선,,서울특별시 도봉구 덕릉로66길 17 주공17단지아파트,서울특별시 도봉구 창동 38,서울특별시,도봉구,창동,38
subway,한티역,,37.49629145,127.0529247,,1024,,분당선,,서울특별시 강남구 선릉로 228 한티역,서울특별시 강남구 대치동 1011-28,서울특별시,강남구,대치동,1011-28
subway,구룡역,,37.48719208,127.0591644,,1026,,분당선,,서울특별시 강남구 개포로 403 구룡역,서울특별시 강남구 개포동 175-3,서울특별시,강남구,개포동,175-3
subway,개포동역,,37.48869485,127.0663117,,1027,,분당선,,서울특별시 강남구 개포로 420 개포동역,서울특별시 강남구 개포동 198,서울특별시,강남구,개포동,198
subway,대모산입구역,,37.49146604,127.0730534,,1028,,분당선,,서울특별시 강남구 개포로 522 대모산입구역,서울특별시 강남구 일원동 700,서울특별시,강남구,일원동,700
subway,복정역,,37.46948021,127.1266825,,1031,,분당선&8호선,,서울특별시 송파구 송파대로 6 복정역,서울특별시 송파구 장지동 596-21,서울특별시,송파구,장지동,596-21
subway,신길역,,37.51693749,126.9167221,,1032,,경부선&5호선,,,서울특별시 영등포구 신길동 31-51,서울특별시,영등포구,신길동,31-51
subway,중랑역,,37.59486937,127.0758472,,1201,,중앙선,,서울특별시 중랑구 중랑역로 9 중랑역사,서울특별시 중랑구 중화동 73-7,서울특별시,중랑구,중화동,73-7
subway,망우역,,37.59942757,127.0924072,,1203,,중앙선,,서울특별시 중랑구 망우로55길 11-10,서울특별시 중랑구 상봉동 172,서울특별시,중랑구,상봉동,172
subway,양원역,,37.60659371,127.1078406,,1204,,중앙선,,서울특별시 중랑구 송림길 147 양원역사,서울특별시 중랑구 망우동 253-9,서울특별시,중랑구,망우동,253-9
subway,구리역,,37.60298823,127.1435663,,1205,,중앙선,,,경기도 구리시 인창동 689,경기도,구리시,인창동,689
subway,도농역,,37.6083356,127.1611533,,1206,,중앙선,,,경기도 남양주시 도농동,경기도,남양주시,도농동,
subway,양정역,,37.60396116,127.1944472,,1207,,중앙선,,경기도 남양주시 경강로 237 양정역,경기도 남양주시 이패동 387-27,경기도,남양주시,이패동,387-27
subway,덕소역,,37.58717886,127.2086244,,1208,,중앙선,,경기도 남양주시 와부읍 덕소로 56 덕소역,경기도 남양주시 와부읍 덕소리 590-17,경기도,남양주시 와부읍,덕소리,590-17
subway,도심역,,37.57956745,127.2224782,,1209,,중앙선,,,경기도 남양주시 와부읍 도곡리 1024-34,경기도,남양주시 와부읍,도곡리,1024-34
subway,팔당역,,37.54709038,127.2436563,,1210,,중앙선,,,경기도 남양주시 와부읍 팔당리 399-11,경기도,남양주시 와부읍,팔당리,399-11
subway,운길산역,,37.55450223,127.3106773,,1211,,중앙선,,,경기도 남양주시 조안면 진중리 227-3,경기도,남양주시 조안면,진중리,227-3
subway,양수역,,37.54580343,127.3289729,,1212,,중앙선,,경기도 양평군 양서면 목왕로 55-10 양수역,경기도 양평군 양서면 용담리 255-5,경기도,양평군 양서면,용담리,255-5
subway,신원역,,37.52549099,127.3730035,,1213,,중앙선,,경기도 양평군 양서면 신원역길 7,경기도 양평군 양서면 신원리 480-29,경기도,양평군 양서면,신원리,480-29
subway,국수역,,37.51639959,127.3980694,,1214,,중앙선,,,경기도 양평군 양서면 국수리 산53-2,경기도,양평군 양서면,국수리,산53-2
subway,아신역,,37.51371547,127.4435249,,1215,,중앙선,,경기도 양평군 옥천면 아신역길 30 아신역,경기도 양평군 옥천면 아신리 산112-2,경기도,양평군 옥천면,아신리,산112-2
subway,오빈역,,37.50610265,127.4736543,,1216,,중앙선,,,경기도 양평군 양평읍 오빈리 산54-4,경기도,양평군 양평읍,오빈리,산54-4
subway,원덕역,,37.46859623,127.5464875,,1218,,중앙선,,,경기도 양평군 양평읍 원덕리 400-8,경기도,양평군 양평읍,원덕리,400-8
subway,용문역,,37.48170369,127.593706,,1219,,중앙선,,,경기도 양평군 용문면 다문리 748-2,경기도,양평군 용문면,다문리,748-2
subway,서강대역,,37.55169909,126.9356721,,1263,,경의선,,,서울특별시 마포구 노고산동 124-2,서울특별시,마포구,노고산동,124-2
subway,가좌역,,37.56873943,126.9146712,,1265,,경의선,,,서울특별시 서대문구 남가좌동 296-10,서울특별시,서대문구,남가좌동,296-10
subway,수색역,,37.58133788,126.8958182,,1267,,경의선,,서울특별시 은평구 수색로 253,서울특별시 은평구 수색동 81-1,서울특별시,은평구,수색동,81-1
subway,화전역,,37.60293349,126.8681561,,1268,,경의선,,,경기도 고양시 덕양구 화전동 584,경기도,고양시 덕양구,화전동,584
subway,강매역,,37.61263629,126.8454869,,1269,,경의선,,,경기도 고양시 덕양구 행신동 108-10,경기도,고양시 덕양구,행신동,108-10
subway,행신역,,37.61208051,126.8343888,,1270,,경의선,,,경기도 고양시 덕양구 강매동 613-1,경기도,고양시 덕양구,강매동,613-1
subway,능곡역,,37.61908706,126.8201013,,1271,,경의선,,,경기도 고양시 덕양구 토당동 499-1,경기도,고양시 덕양구,토당동,499-1
subway,곡산역,,37.6457266,126.801907,,1272,,경의선,,,경기도 고양시 일산동구 백석동 34-9,경기도,고양시 일산동구,백석동,34-9
subway,백마역,,37.6576077,126.7950756,,1273,,경의선,,,경기도 고양시 일산동구 풍동 461-4,경기도,고양시 일산동구,풍동,461-4
subway,풍산역,,37.67200696,126.7859678,,1274,,경의선,,,경기도 고양시 일산동구 정발산동 1355-1,경기도,고양시 일산동구,정발산동,1355-1
subway,일산역,,37.68207041,126.7696142,,1275,,경의선,,경기도 고양시 일산서구 경의로 672 일산역,경기도 고양시 일산서구 일산동 655-691,경기도,고양시 일산서구,일산동,655-691
subway,탄현역,,37.69358528,126.7608707,,1276,,경의선,,,경기도 고양시 일산서구 덕이동 271-1,경기도,고양시 일산서구,덕이동,271-1
subway,운정역,,37.72603277,126.7672086,,1278,,경의선,,,경기도 파주시 상지석동 1002-1,경기도,파주시,상지석동,1002-1
subway,금릉역,,37.75161717,126.7657663,,1279,,경의선,,,경기도 파주시 금촌동 978-13,경기도,파주시,금촌동,978-13
subway,금촌역,,37.76568895,126.774347,,1280,,경의선,,경기도 파주시 새꽃로 197,경기도 파주시 금촌동 329-39,경기도,파주시,금촌동,329-39
subway,월롱역,,37.79563472,126.7927847,,1282,,경의선,,,경기도 파주시 월롱면 위전리 393-4,경기도,파주시 월롱면,위전리,393-4
subway,파주역,,37.814951,126.7927303,,1283,,경의선,,경기도 파주시 파주읍 주라위길 38 파주역,경기도 파주시 파주읍 봉암리 487-4,경기도,파주시 파주읍,봉암리,487-4
subway,문산역,,37.85436846,126.7883014,,1284,,경의선,,경기도 파주시 문산읍 문산역로 94 문산역,경기도 파주시 문산읍 문산리 17-14,경기도,파주시 문산읍,문산리,17-14
subway,갈매역,,37.63371768,127.114654,,1312,,경춘선,,경기도 구리시 경춘북로 229 갈매역사,경기도 구리시 갈매동 502-39,경기도,구리시,갈매동,502-39
subway,별내역,,37.64199332,127.1278098,,1313,,경춘선,,,경기도 남양주시 별내동,경기도,남양주시,별내동,
subway,퇴계원역,,37.64792116,127.1441368,,1314,,경춘선,,경기도 남양주시 퇴계원면 경춘북로 545 퇴계원역,경기도 남양주시 퇴계원면 퇴계원리 218-142,경기도,남양주시 퇴계원면,퇴계원리,218-142
subway,신내역,,37.61318569,127.1032969,,1311,,경춘선,,,서울특별시 중랑구 신내동 60-10,서울특별시,중랑구,신내동,60-10
subway,사릉역,,37.65112036,127.177005,,1315,,경춘선,,,경기도 남양주시 진건읍 사능리 604-1,경기도,남양주시 진건읍,사능리,604-1
subway,금곡역,,37.63701574,127.2075617,,1316,,경춘선,,,경기도 남양주시 금곡동 403-8,경기도,남양주시,금곡동,403-8
subway,평내호평역,,37.65316336,127.2443221,,1317,,경춘선,,경기도 남양주시 경춘로 1375 평내호평역,경기도 남양주시 평내동 660,경기도,남양주시,평내동,660
subway,천마산역,,37.65775189,127.2874014,,1318,,경춘선,,,경기도 남양주시 화도읍 묵현리 295-3,경기도,남양주시 화도읍,묵현리,295-3
subway,마석역,,37.65300622,127.311407,,1319,,경춘선,,경기도 남양주시 화도읍 마석중앙로 107 마석역,경기도 남양주시 화도읍 마석우리 222-2,경기도,남양주시 화도읍,마석우리,222-2
subway,대성리역,,37.68387247,127.3796915,,1320,,경춘선,,,경기도 가평군 청평면 대성리 393-12,경기도,가평군 청평면,대성리,393-12
subway,청평역,,37.73517576,127.4265553,,1321,,경춘선,,경기도 가평군 청평면 청평역로 97-33 청평역,경기도 가평군 청평면 청평리 125-1,경기도,가평군 청평면,청평리,125-1
subway,상천역,,37.77002887,127.4544482,,1322,,경춘선,,경기도 가평군 청평면 상천역로 29 상천역,경기도 가평군 청평면 상천리 1260-1,경기도,가평군 청평면,상천리,1260-1
subway,가평역,,37.81448659,127.510594,,1323,,경춘선,,경기도 가평군 가평읍 문화로 13-42 가평역사,경기도 가평군 가평읍 달전리 603-10,경기도,가평군 가평읍,달전리,603-10
subway,굴봉산역,,37.8317866,127.5579671,,1324,,경춘선,,,강원도 춘천시 남산면 백양리 588-28,강원도,춘천시 남산면,백양리,588-28
subway,백양리역,,37.83069511,127.5897641,,1325,,경춘선,,강원도 춘천시 남산면 북한강변길 690 백양리역_엘리시안강촌,강원도 춘천시 남산면 강촌리 680-4,강원도,춘천시 남산면,강촌리,680-4
subway,강촌역,,37.80549054,127.634258,,1326,,경춘선,,,강원도 춘천시 남산면 방곡리 산67-1,강원도,춘천시 남산면,방곡리,산67-1
subway,김유정역,,37.81847635,127.7141409,,1327,,경춘선,,,강원도 춘천시 신동면 증리 산94-1,강원도,춘천시 신동면,증리,산94-1
subway,남춘천역,,37.86364412,127.7238032,,1328,,경춘선,,,강원도 춘천시 퇴계동 923,강원도,춘천시,퇴계동,923
subway,춘천역,,37.88476972,127.7165981,,1329,,경춘선,,,강원도 춘천시 근화동 559,강원도,춘천시,근화동,559
subway,봉명역,,36.80112222,127.1358638,,1401,,장항선,,,충청남도 천안시 동남구 봉명동 25-8,충청남도,천안시 동남구,봉명동,25-8
subway,쌍용(나사렛대)역,,36.79356873,127.1210611,,1402,,장항선,,,충청남도 천안시 서북구 쌍용동 423-2,충청남도,천안시 서북구,쌍용동,423-2
subway,아산역,,36.79196264,127.1040286,,1403,,장항선,,,충청남도 아산시 배방읍 장재리,충청남도,아산시 배방읍,장재리,
subway,배방역,,36.7777582,127.0529291,,1405,,장항선,,충청남도 아산시 배방읍 온천대로 1967 배방역,충청남도 아산시 배방읍 구령리 148-2,충청남도,아산시 배방읍,구령리,148-2
subway,온양온천역,,36.78065285,127.0031928,,1407,,장항선,,충청남도 아산시 온천대로 1496 온양온천역,충청남도 아산시 온천동 56-9,충청남도,아산시,온천동,56-9
subway,신창역,,36.76982912,126.9516692,,1408,,장항선,,,충청남도 아산시 신창면 행목리 346-40,충청남도,아산시 신창면,행목리,346-40
subway,선바위역,,37.45175345,127.0025297,,1450,,과천선,,경기도 과천시 중앙로 440 선바위역,경기도 과천시 과천동 355,경기도,과천시,과천동,355
subway,경마공원역,,37.44357934,127.0080532,,1451,,과천선,,경기도 과천시 경마공원대로 105 경마공원역,경기도 과천시 과천동 654,경기도,과천시,과천동,654
subway,대공원역,,37.43608302,127.0066063,,1452,,과천선,,,경기도 과천시 막계동 290,경기도,과천시,막계동,290
subway,과천역,,37.43261595,126.996618,,1453,,과천선,,경기도 과천시 도서관길 36 경기도립도서관,경기도 과천시 별양동 2,경기도,과천시,별양동,2
subway,정부과천청사역,,37.42645258,126.9900114,,1454,,과천선,,,경기도 과천시 중앙동 61,경기도,과천시,중앙동,61
subway,인덕원역,,37.40140241,126.9767425,,1455,,과천선,,경기도 안양시 동안구 흥안대로 529 인덕원역,경기도 안양시 동안구 관양동 1563,경기도,안양시 동안구,관양동,1563
subway,평촌역,,37.39419827,126.9643813,,1456,,과천선,,경기도 안양시 동안구 부림로 121 동아프라자아케이드,경기도 안양시 동안구 관양동 1608-4,경기도,안양시 동안구,관양동,1608-4
subway,범계역,,37.38990811,126.9510675,,1457,,과천선,,경기도 안양시 동안구 동안로 130 범계역,경기도 안양시 동안구 호계동 1039-2,경기도,안양시 동안구,호계동,1039-2
subway,금정역,,37.37213307,126.943696,,1458,,경부선,,경기도 군포시 군포로 750 금정역,경기도 군포시 금정동 20-2,경기도,군포시,금정동,20-2
subway,구로역,,37.50184965,126.8816582,,1701,,경부선,,서울특별시 구로구 구로중앙로 174 구로역,서울특별시 구로구 구로동 585-5,서울특별시,구로구,구로동,585-5
subway,가산디지털단지역,,37.48123571,126.8825775,,1702,,경부선&7호선,,,서울특별시 금천구 가산동 440-1,서울특별시,금천구,가산동,440-1
subway,금천구청역,,37.45574856,126.8943225,,1703,,경부선,,서울특별시 금천구 시흥대로63길 91,서울특별시 금천구 시흥동 113-192,서울특별시,금천구,시흥동,113-192
subway,석수역,,37.4350251,126.9022388,,1704,,경부선,,경기도 안양시 만안구 경수대로 1431 석수역,경기도 안양시 만안구 석수동 737,경기도,안양시 만안구,석수동,737
subway,관악역,,37.41893139,126.9090516,,1705,,경부선,,경기도 안양시 만안구 경수대로 1431 석수역,경기도 안양시 만안구 석수동 737,경기도,안양시 만안구,석수동,737
subway,안양역,,37.401559,126.922793,,1706,,경부선,,경기도 안양시 만안구 만안로 232 안양역,경기도 안양시 만안구 안양동 88-1,경기도,안양시 만안구,안양동,88-1
subway,명학역,,37.38464566,126.9353984,,1707,,경부선,,경기도 안양시 만안구 만안로 20 명학역,경기도 안양시 만안구 안양동 1163-1,경기도,안양시 만안구,안양동,1163-1
subway,군포역,,37.3529254,126.94809,,1709,,경부선,,경기도 군포시 군포역1길 39,경기도 군포시 당동 134-1,경기도,군포시,당동,134-1
subway,의왕역,,37.3204884,126.9477745,,1710,,경부선,,경기도 의왕시 철도박물관로 66 의왕역,경기도 의왕시 삼동 473,경기도,의왕시,삼동,473
subway,성균관대역,,37.29982012,126.971962,,1711,,경부선,,,경기도 수원시 장안구 율전동 283-1,경기도,수원시 장안구,율전동,283-1
subway,화서역,,37.28397226,126.9894693,,1712,,경부선,,경기도 수원시 팔달구 덕영대로 692 화서역,경기도 수원시 팔달구 화서동 464,경기도,수원시 팔달구,화서동,464
subway,수원역,,37.26580802,126.9996501,,1713,,분당선&경부선,,경기도 수원시 팔달구 덕영대로 924 AK플라자,경기도 수원시 팔달구 매산로1가 18,경기도,수원시 팔달구,매산로1가,18
subway,독산역,,37.46651984,126.8892294,,1714,,경부선,,서울특별시 금천구 벚꽃로 115 독산역,서울특별시 금천구 가산동 717,서울특별시,금천구,가산동,717
subway,세류역,,37.24376087,127.0135269,,1715,,경부선,,,경기도 수원시 권선구 장지동 1-2,경기도,수원시 권선구,장지동,1-2
subway,병점역,,37.20681461,127.0329959,,1716,,경부선,,경기도 화성시 떡전골로 97 병점역,경기도 화성시 진안동 824-1,경기도,화성시,진안동,824-1
subway,세마역,,37.18719388,127.0432588,,1717,,경부선,,,경기도 오산시 세교동 239-5,경기도,오산시,세교동,239-5
subway,오산대역,,37.16917527,127.0627186,,1718,,경부선,,,경기도 오산시 수청동 320-2,경기도,오산시,수청동,320-2
subway,오산역,,37.14466474,127.0663547,,1719,,경부선,,,경기도 오산시 오산동 603-117,경기도,오산시,오산동,603-117
subway,진위역,,37.10970593,127.0622747,,1720,,경부선,,경기도 평택시 진위면 경기대로 1855,경기도 평택시 진위면 하북리 139-3,경기도,평택시 진위면,하북리,139-3
subway,송탄역,,37.07549475,127.0540831,,1721,,경부선,,,경기도 평택시 신장동 263-169,경기도,평택시,신장동,263-169
subway,서정리역,,37.05659088,127.0529908,,1722,,경부선,,경기도 평택시 탄현로 51,경기도 평택시 서정동 427-53,경기도,평택시,서정동,427-53
subway,지제역,,37.01891738,127.0703155,,1723,,경부선,,,경기도 평택시 지제동 960,경기도,평택시,지제동,960
subway,평택역,,36.99064285,127.0852884,,1724,,경부선,,경기도 평택시 평택로 51 평택민자역사,경기도 평택시 평택동 185-568,경기도,평택시,평택동,185-568
subway,성환역,,36.91578788,127.1265798,,1725,,경부선,,충청남도 천안시 서북구 성환읍 성환1로 293-2,충청남도 천안시 서북구 성환읍 성환리 449-128,충청남도,천안시 서북구 성환읍,성환리,449-128
subway,두정역,,36.83353917,127.1489779,,1727,,경부선,,충청남도 천안시 서북구 두정로 289 두정역,충청남도 천안시 서북구 두정동 83-29,충청남도,천안시 서북구,두정동,83-29
subway,직산역,,36.87093045,127.143599,,1726,,경부선,,충청남도 천안시 서북구 직산읍 천안대로 1471-33 직산역,충청남도 천안시 서북구 직산읍 모시리 58-11,충청남도,천안시 서북구 직산읍,모시리,58-11
subway,천안역,,36.81030082,127.1466382,,1728,,경부선,,충청남도 천안시 동남구 대흥로 239 천안역,충청남도 천안시 동남구 대흥동 57-1,충청남도,천안시 동남구,대흥동,57-1
subway,당정역,,37.34355477,126.9481057,,1729,,경부선,,경기도 군포시 당정역로 91 당정역,경기도 군포시 당정동 938,경기도,군포시,당정동,938
subway,서동탄역,,37.19563512,127.0519136,,1749,,경부선,,,경기도 오산시 외삼미동 259,경기도,오산시,외삼미동,259
subway,광명역,,37.41742567,126.8854077,,1750,,경부선,,,경기도 광명시 일직동,경기도,광명시,일직동,
subway,산본역,,37.35808948,126.9330062,,1751,,안산선,,경기도 군포시 번영로 504 산본역,경기도 군포시 산본동 1231,경기도,군포시,산본동,1231
subway,대야미역,,37.32770755,126.9171248,,1752,,안산선,,,경기도 군포시 대야미동 229-8,경기도,군포시,대야미동,229-8
subway,반월역,,37.31254931,126.9038756,,1753,,안산선,,경기도 안산시 상록구 건건로 119-10,경기도 안산시 상록구 건건동 산62-1,경기도,안산시 상록구,건건동,산62-1
subway,상록수역,,37.3029801,126.8668557,,1754,,안산선,,경기도 안산시 상록구 상록수로 61,경기도 안산시 상록구 본오동 1028,경기도,안산시 상록구,본오동,1028
subway,한대앞역,,37.30995678,126.8540198,,1755,,안산선,,,경기도 안산시 상록구 이동 614-29,경기도,안산시 상록구,이동,614-29
subway,중앙역,,37.31581092,126.8383636,,1756,,안산선,,경기도 안산시 단원구 중앙대로 918 중앙역,경기도 안산시 단원구 고잔동 167-378,경기도,안산시 단원구,고잔동,167-378
subway,고잔역,,37.31709679,126.8228376,,1757,,안산선,,경기도 안산시 단원구 중앙대로 784 고잔역,경기도 안산시 단원구 고잔동 453-53,경기도,안산시 단원구,고잔동,453-53
subway,초지역,,37.32056646,126.8061863,,1758,,안산선,,경기도 안산시 단원구 중앙대로 620 초지역,경기도 안산시 단원구 초지동 27-1,경기도,안산시 단원구,초지동,27-1
subway,안산역,,37.32707801,126.7888525,,1759,,안산선,,경기도 안산시 단원구 중앙대로 462,경기도 안산시 단원구 원곡동 326-4,경기도,안산시 단원구,원곡동,326-4
subway,신길온천역,,37.33781344,126.7672463,,1760,,안산선,,경기도 안산시 단원구 황고개로 2 신길온천역사,경기도 안산시 단원구 신길동 216-357,경기도,안산시 단원구,신길동,216-357
subway,정왕역,,37.35160199,126.7427117,,1761,,안산선,,,경기도 시흥시 정왕동 2325-11,경기도,시흥시,정왕동,2325-11
subway,오이도역,,37.36220715,126.7387018,,1762,,안산선,,경기도 시흥시 역전로 430,경기도 시흥시 정왕동 878,경기도,시흥시,정왕동,878
subway,수리산역,,37.35015591,126.9254877,,1763,,안산선,,경기도 군포시 번영로 385 수리산역,경기도 군포시 산본동 1231-1,경기도,군포시,산본동,1231-1
subway,개봉역,,37.49513124,126.8584737,,1801,,경인선,,,서울특별시 구로구 개봉동 416-99,서울특별시,구로구,개봉동,416-99
subway,오류동역,,37.49430979,126.8444895,,1802,,경인선,,,서울특별시 구로구 오류동 135-1,서울특별시,구로구,오류동,135-1
subway,역곡역,,37.48519128,126.8122486,,1803,,경인선,,경기도 부천시 소사구 경인로425번길 168,경기도 부천시 소사구 괴안동 211-4,경기도,부천시 소사구,괴안동,211-4
subway,부천역,,37.4841311,126.7826826,,1804,,경인선,,경기도 부천시 소사구 부천로 1 부천역사쇼핑몰,경기도 부천시 소사구 심곡본동 316-2,경기도,부천시 소사구,심곡본동,316-2
subway,송내역,,37.48756815,126.7529397,,1805,,경인선,,,경기도 부천시 소사구 송내동 280-2,경기도,부천시 소사구,송내동,280-2
subway,부평역,,37.48985388,126.7241528,,1806,,경인선,,인천광역시 부평구 광장로 16 부평민자역사,인천광역시 부평구 부평동 738-21,인천광역시,부평구,부평동,738-21
subway,백운역,,37.48331578,126.7075657,,1807,,경인선,,,인천광역시 부평구 십정동 541-45,인천광역시,부평구,십정동,541-45
subway,동암역,,37.47071974,126.7032199,,1808,,경인선,,,인천광역시 부평구 십정동 467-2,인천광역시,부평구,십정동,467-2
subway,주안역,,37.4647968,126.6806138,,1809,,경인선,,인천광역시 남구 주안로 95-19 주안역사,인천광역시 남구 주안동 235-1,인천광역시,남구,주안동,235-1
subway,제물포역,,37.46662352,126.6573789,,1810,,경인선,,인천광역시 남구 경인로 129 제물포 역사,인천광역시 남구 도화동 649-18,인천광역시,남구,도화동,649-18
subway,동인천역,,37.47533146,126.6325221,,1811,,경인선,,인천광역시 중구 참외전로 131-31 주차타워,인천광역시 중구 인현동 1-618,인천광역시,중구,인현동,1-618
subway,인천역,,37.47587589,126.6167736,,1812,,경인선,,인천광역시 중구 제물량로 269,인천광역시 중구 북성동1가 3-1,인천광역시,중구,북성동1가,3-1
subway,구일역,,37.49633366,126.8697345,,1813,,경인선,,서울특별시 구로구 구일로 133 구일역,서울특별시 구로구 구로동 636-46,서울특별시,구로구,구로동,636-46
subway,소사역,,37.48241344,126.7955133,,1814,,경인선,,,경기도 부천시 소사구 소사본동 257-7,경기도,부천시 소사구,소사본동,257-7
subway,부개역,,37.4884491,126.7403045,,1815,,경인선,,인천광역시 부평구 수변로 22 경안복복선 전철 부개선상역사,인천광역시 부평구 부개동 468,인천광역시,부평구,부개동,468
subway,간석역,,37.46472866,126.6943004,,1816,,경인선,,인천광역시 남동구 석정로 522-14 간석역,인천광역시 남동구 간석동 757,인천광역시,남동구,간석동,757
subway,도원역,,37.46844586,126.6424131,,1817,,경인선,,,인천광역시 동구 창영동 179-4,인천광역시,동구,창영동,179-4
subway,온수역,,37.49216463,126.8235974,,1821,,경인선&7호선,,서울특별시 구로구 경인로3길 64 7호선 온수역,서울특별시 구로구 온수동 51-24,서울특별시,구로구,온수동,51-24
subway,중동역,,37.48651066,126.7644762,,1822,,경인선,,경기도 부천시 소사구 중동로 73 중동역,경기도 부천시 소사구 송내동 529,경기도,부천시 소사구,송내동,529
subway,도화역,,37.46571887,126.6686867,,1823,,경인선,,인천광역시 남구 숙골로8번길 15 도화역대성유니드아파트,인천광역시 남구 도화동 984,인천광역시,남구,도화동,984
subway,서울숲역,,37.54353946,127.0444298,,1847,,분당선,,,서울특별시 성동구 성수동1가 685-722,서울특별시,성동구,성수동1가,685-722
subway,압구정로데오역,,37.52732284,127.0408003,,1848,,분당선,,서울특별시 강남구 선릉로 844 신한빌딩,서울특별시 강남구 청담동 78-1,서울특별시,강남구,청담동,78-1
subway,선정릉역,,37.51038302,127.0439584,,1850,,분당선&9호선2단계,,서울특별시 강남구 선릉로 580 선정릉역,서울특별시 강남구 삼성동 111-114,서울특별시,강남구,삼성동,111-114
subway,가천대역,,37.44880348,127.1271362,,1851,,분당선,,경기도 성남시 수정구 성남대로 1334 경원프라자,경기도 성남시 수정구 태평동 5113-9,경기도,성남시 수정구,태평동,5113-9
subway,태평역,,37.43952926,127.1281242,,1852,,분당선,,경기도 성남시 수정구 성남대로 1228 해광빌딩,경기도 성남시 수정구 수진동 2997,경기도,성남시 수정구,수진동,2997
subway,모란역,,37.43307693,127.1291528,,1853,,분당선&8호선,,경기도 성남시 중원구 성남대로 1147 모란역,경기도 성남시 중원구 성남동 1575,경기도,성남시 중원구,성남동,1575
subway,야탑역,,37.41164406,127.1288182,,1854,,분당선,,경기도 성남시 분당구 성남대로 903 야탑역,경기도 성남시 분당구 야탑동 488-1,경기도,성남시 분당구,야탑동,488-1
subway,서현역,,37.38481736,127.1236058,,1855,,분당선,,경기도 성남시 분당구 황새울로360번길 42 AK플라자,경기도 성남시 분당구 서현동 263,경기도,성남시 분당구,서현동,263
subway,수내역,,37.37840051,127.1143507,,1856,,분당선,,경기도 성남시 분당구 황새울로200번길 45 롯데백화점,경기도 성남시 분당구 수내동 14,경기도,성남시 분당구,수내동,14
subway,정자역,,37.36666807,127.1078398,,1857,,분당선,,,경기도 성남시 분당구 정자동 96-1,경기도,성남시 분당구,정자동,96-1
subway,미금역,,37.35015318,127.1089451,,1858,,분당선,,경기도 성남시 분당구 성남대로 156 미금역,경기도 성남시 분당구 금곡동 222,경기도,성남시 분당구,금곡동,222
subway,오리역,,37.33932988,127.1091825,,1859,,분당선,,경기도 성남시 분당구 성남대로 55 오리역,경기도 성남시 분당구 구미동 197-1,경기도,성남시 분당구,구미동,197-1
subway,이매역,,37.39654336,127.1285623,,1860,,분당선,,,경기도 성남시 분당구 이매동 128-10,경기도,성남시 분당구,이매동,128-10
subway,보정역,,37.31283357,127.1080392,,1861,,분당선,,경기도 용인시 기흥구 용구대로 2581 하이홈편의점,경기도 용인시 기흥구 보정동 225-2,경기도,용인시 기흥구,보정동,225-2
subway,죽전역,,37.32480343,127.107343,,1862,,분당선,,,경기도 용인시 수지구 죽전동 1287,경기도,용인시 수지구,죽전동,1287
subway,구성역,,37.2988599,127.1045547,,1863,,분당선,,경기도 용인시 기흥구 용구대로2325번길 79 분재사랑곳,경기도 용인시 기흥구 보정동 1019-178,경기도,용인시 기흥구,보정동,1019-178
subway,신갈역,,37.28623941,127.1113035,,1864,,분당선,,경기도 용인시 기흥구 기흥로 136 신갈역,경기도 용인시 기흥구 신갈동 167,경기도,용인시 기흥구,신갈동,167
subway,기흥역,,37.27542277,127.1157979,,1865,,분당선,,,경기도 용인시 기흥구 구갈동 480-17,경기도,용인시 기흥구,구갈동,480-17
subway,상갈역,,37.26209341,127.1094648,,1866,,분당선,,경기도 용인시 기흥구 금화로58번길 10 금화마을주공4단지아파트,경기도 용인시 기흥구 상갈동 463,경기도,용인시 기흥구,상갈동,463
subway,청명역,,37.25995432,127.0797013,,1867,,분당선,,경기도 수원시 영통구 봉영로 1670 청명역,경기도 수원시 영통구 영통동 1055,경기도,수원시 영통구,영통동,1055
subway,영통역,,37.25166988,127.0715771,,1868,,분당선,,경기도 수원시 영통구 봉영로 1670 청명역,경기도 수원시 영통구 영통동 1055,경기도,수원시 영통구,영통동,1055
subway,망포역,,37.2459109,127.0571452,,1869,,분당선,,경기도 수원시 영통구 덕영대로 1520 망포역,경기도 수원시 영통구 영통동 1069,경기도,수원시 영통구,영통동,1069
subway,매탄권선역,,37.25312586,127.0404681,,1870,,분당선,,경기도 수원시 영통구 권선로 841 매탄권선역,경기도 수원시 영통구 매탄동 687-4,경기도,수원시 영통구,매탄동,687-4
subway,수원시청역,,37.26286,127.0301017,,1871,,분당선,,경기도 수원시 팔달구 효원로 257 홈플러스동수원점,경기도 수원시 팔달구 인계동 1045,경기도,수원시 팔달구,인계동,1045
subway,매교역,,37.26502504,127.0161232,,1872,,분당선,,경기도 수원시 팔달구 정조로632번길 9,경기도 수원시 팔달구 매교동 175-29,경기도,수원시 팔달구,매교동,175-29
subway,달월역,,37.37988179,126.7454146,,1878,,수인선,,경기도 시흥시 서해안로736번길 55,경기도 시흥시 월곶동 662-3,경기도,시흥시,월곶동,662-3
subway,월곶역,,37.39248801,126.7417581,,1879,,수인선,,,경기도 시흥시 월곶동 991-25,경기도,시흥시,월곶동,991-25
subway,소래포구역,,37.40076014,126.7340497,,1880,,수인선,,인천광역시 남동구 소래역로 51 소래포구역,인천광역시 남동구 논현동 731-7,인천광역시,남동구,논현동,731-7
subway,인천논현역,,37.40073299,126.7223041,,1881,,수인선,,,인천광역시 남동구 논현동 720,인천광역시,남동구,논현동,720
subway,호구포역,,37.40178029,126.7082956,,1882,,수인선,,인천광역시 남동구 호구포로 205 호구포역,인천광역시 남동구 논현동 731-1,인천광역시,남동구,논현동,731-1
subway,남동인더스파크역,,37.40751582,126.6960747,,1883,,수인선,,인천광역시 남동구 은청로 17 남동인더스파크역,인천광역시 남동구 논현동 470-5,인천광역시,남동구,논현동,470-5
subway,연수역,,37.4179218,126.6788619,,1885,,수인선,,인천광역시 연수구 비류대로320번길 20,인천광역시 연수구 연수동 589,인천광역시,연수구,연수동,589
subway,송도역,,37.42831478,126.6580289,,1886,,수인선,,,인천광역시 연수구 옥련동 302-4,인천광역시,연수구,옥련동,302-4
subway,방학역,,37.6676084,127.0443197,,1901,,경원선,,서울특별시 도봉구 도봉로150다길 3 방학역,서울특별시 도봉구 방학동 728,서울특별시,도봉구,방학동,728
subway,도봉역,,37.67914397,127.0456323,,1902,,경원선,,서울특별시 도봉구 도봉로170길 2 도봉역,서울특별시 도봉구 도봉동 639,서울특별시,도봉구,도봉동,639
subway,도봉산역,,37.68953366,127.0464321,,1903,,경원선&7호선,,서울특별시 도봉구 도봉로 964-40 도봉산역7호선,서울특별시 도봉구 도봉동 38-3,서울특별시,도봉구,도봉동,38-3
subway,망월사역,,37.710562,127.0470889,,1904,,경원선,,,경기도 의정부시 호원동 114-5,경기도,의정부시,호원동,114-5
subway,회룡역,,37.72405849,127.04702,,1905,,경원선,,,경기도 의정부시 호원동 50-12,경기도,의정부시,호원동,50-12
subway,의정부역,,37.73840223,127.0459397,,1906,,경원선,,경기도 의정부시 평화로 525 의정부민자역사,경기도 의정부시 의정부동 168-54,경기도,의정부시,의정부동,168-54
subway,가능역,,37.7487099,127.0441304,,1907,,경원선,,경기도 의정부시 평화로 633 가능역,경기도 의정부시 가능동 197-1,경기도,의정부시,가능동,197-1
subway,녹양역,,37.75916528,127.0423252,,1908,,경원선,,경기도 의정부시 평화로 757 녹양역,경기도 의정부시 녹양동 97-10,경기도,의정부시,녹양동,97-10
subway,양주역,,37.77394017,127.0446034,,1909,,경원선,,,경기도 양주시 남방동 117-3,경기도,양주시,남방동,117-3
subway,덕계역,,37.81861871,127.0569134,,1910,,경원선,,,경기도 양주시 덕계동,경기도,양주시,덕계동,
subway,덕정역,,37.84312225,127.0614762,,1911,,경원선,,경기도 양주시 화합로 1356 덕정역,경기도 양주시 덕정동 350-14,경기도,양주시,덕정동,350-14
subway,지행역,,37.89213614,127.056059,,1912,,경원선,,경기도 동두천시 평화로 2285 지행역,경기도 동두천시 지행동 482,경기도,동두천시,지행동,482
subway,동두천중앙역,,37.90186605,127.056521,,1913,,경원선,,경기도 동두천시 동두천로 228 동두천중앙역,경기도 동두천시 생연동 726-3,경기도,동두천시,생연동,726-3
subway,보산역,,37.91397442,127.0569848,,1914,,경원선,,경기도 동두천시 중앙로361번길 19,경기도 동두천시 보산동 426-34,경기도,동두천시,보산동,426-34
subway,동두천역,,37.92745333,127.0549476,,1915,,경원선,,경기도 동두천시 평화로 2687 동두천역,경기도 동두천시 동두천동 245-31,경기도,동두천시,동두천동,245-31
subway,소요산역,,37.94871235,127.0611068,,1916,,경원선,,경기도 동두천시 평화로 2925 소요산역,경기도 동두천시 상봉암동 70-1,경기도,동두천시,상봉암동,70-1
subway,원흥역,,37.65107404,126.8741892,,1948,,일산선,,,경기도 고양시 덕양구 원흥동,경기도,고양시 덕양구,원흥동,
subway,삼송역,,37.65325744,126.8954897,,1950,,일산선,,,경기도 고양시 덕양구 삼송동,경기도,고양시 덕양구,삼송동,
subway,원당역,,37.65339715,126.8432577,,1951,,일산선,,경기도 고양시 덕양구 고양대로 1429 원당역,경기도 고양시 덕양구 성사동 410-7,경기도,고양시 덕양구,성사동,410-7
subway,화정역,,37.63502834,126.8330504,,1952,,일산선,,경기도 고양시 덕양구 화정로 63,경기도 고양시 덕양구 화정동 963,경기도,고양시 덕양구,화정동,963
subway,대곡역,,37.63158829,126.8104958,,1953,,일산선,,,경기도 고양시 덕양구 대장동 424-7,경기도,고양시 덕양구,대장동,424-7
subway,백석역,,37.64312906,126.7879956,,1954,,일산선,,경기도 고양시 일산동구 중앙로 1042 백석역,경기도 고양시 일산동구 백석동 1538,경기도,고양시 일산동구,백석동,1538
subway,마두역,,37.6519682,126.7776175,,1955,,일산선,,,경기도 고양시 일산동구 장항동 1360,경기도,고양시 일산동구,장항동,1360
subway,정발산역,,37.65940935,126.7733884,,1956,,일산선,,,경기도 고양시 일산동구 장항동 1487,경기도,고양시 일산동구,장항동,1487
subway,주엽역,,37.67010673,126.7612095,,1957,,일산선,,,경기도 고양시 일산서구 주엽동 166,경기도,고양시 일산서구,주엽동,166
subway,대화역,,37.67605362,126.7476784,,1958,,일산선,,,경기도 고양시 일산서구 대화동 2502,경기도,고양시 일산서구,대화동,2502
subway,방화역,,37.57736373,126.812808,,2511,,5호선,,서울특별시 강서구 금낭화로 132 방화역 5호선,서울특별시 강서구 방화동 829-15,서울특별시,강서구,방화동,829-15
subway,개화산역,,37.57256762,126.8066077,,2512,,5호선,,,서울특별시 강서구 방화동 534-2,서울특별시,강서구,방화동,534-2
subway,김포공항역,,37.56226242,126.801392,,2513,,공항철도 1호선&경의선&9호선&5호선,,서울특별시 강서구 하늘길 38 스카이시티,서울특별시 강서구 방화동 886,서울특별시,강서구,방화동,886
subway,송정역,,37.56143319,126.8121238,,2514,,5호선,,서울특별시 강서구 공항대로 43,서울특별시 강서구 공항동 27-1,서울특별시,강서구,공항동,27-1
subway,마곡역,,37.56037173,126.8248479,,2515,,5호선,,,서울특별시 강서구 마곡동,서울특별시,강서구,마곡동,
subway,발산역,,37.55887631,126.8374956,,2516,,5호선,,,서울특별시 강서구 마곡동,서울특별시,강서구,마곡동,
subway,우장산역,,37.54881906,126.8359107,,2517,,5호선,,서울특별시 강서구 강서로 259 우장산역엠버리움빌딩,서울특별시 강서구 내발산동 723-2,서울특별시,강서구,내발산동,723-2
subway,화곡역,,37.54126467,126.8407793,,2518,,5호선,,서울특별시 강서구 화곡로 168 화곡역 5호선,서울특별시 강서구 화곡동 1089-54,서울특별시,강서구,화곡동,1089-54
subway,까치산역,,37.53193869,126.8469993,,2519,,5호선,,서울특별시 강서구 강서로 46 현대유통,서울특별시 강서구 화곡동 341-67,서울특별시,강서구,화곡동,341-67
subway,신정역,,37.52477072,126.85577,,2520,,5호선,,서울특별시 양천구 오목로 166 푸른힐,서울특별시 양천구 신정동 949-1,서울특별시,양천구,신정동,949-1
subway,목동역,,37.52646425,126.8645138,,2521,,5호선,,서울특별시 양천구 오목로 245 목동역,서울특별시 양천구 목동 926-3,서울특별시,양천구,목동,926-3
subway,오목교역,,37.52429614,126.8755678,,2522,,5호선,,서울특별시 양천구 오목로 344,서울특별시 양천구 목동 405-25,서울특별시,양천구,목동,405-25
subway,양평역,,37.52561554,126.8865028,,2523,,중앙선&5호선,,,서울특별시 영등포구 양평동3가 20-1,서울특별시,영등포구,양평동3가,20-1
subway,영등포시장역,,37.52267336,126.9051499,,2525,,5호선,,서울특별시 영등포구 양산로 200 영등포시장역,서울특별시 영등포구 영등포동5가 62-1,서울특별시,영등포구,영등포동5가,62-1
subway,여의도역,,37.52171797,126.9243185,,2527,,9호선&5호선,,서울특별시 영등포구 여의나루로 40 여의도역,서울특별시 영등포구 여의도동 3,서울특별시,영등포구,여의도동,3
subway,여의나루역,,37.52727346,126.9330011,,2528,,5호선,,서울특별시 영등포구 여의동로 343 여의나루역,서울특별시 영등포구 여의도동 84-4,서울특별시,영등포구,여의도동,84-4
subway,마포역,,37.53923458,126.9458211,,2529,,5호선,,,서울특별시 마포구 도화동 292-29,서울특별시,마포구,도화동,292-29
subway,공덕역,,37.54431887,126.9518463,,2530,,공항철도 1호선&경의선&6호선&5호선,,서울특별시 마포구 만리재로 3,서울특별시 마포구 공덕동 255-9,서울특별시,마포구,공덕동,255-9
subway,애오개역,,37.55338834,126.9565753,,2531,,5호선,,,서울특별시 마포구 아현동 610-1,서울특별시,마포구,아현동,610-1
subway,서대문역,,37.56587587,126.9666823,,2533,,5호선,,,서울특별시 종로구 평동 211,서울특별시,종로구,평동,211
subway,광화문역,,37.57187882,126.9759752,,2534,,5호선,,서울특별시 종로구 세종대로 175 세종이야기,서울특별시 종로구 세종로 81-3,서울특별시,종로구,세종로,81-3
subway,청구역,,37.56001673,127.0137903,,2538,,6호선&5호선,,서울특별시 중구 청구로 77 청구역 5,서울특별시 중구 신당동 295-2,서울특별시,중구,신당동,295-2
subway,신금호역,,37.55465315,127.0205117,,2539,,5호선,,,서울특별시 성동구 금호동1가 506-6,서울특별시,성동구,금호동1가,506-6
subway,행당역,,37.55732904,127.0297475,,2540,,5호선,,서울특별시 성동구 행당로6길 97 행당한진타운 성광교회,서울특별시 성동구 행당동 346,서울특별시,성동구,행당동,346
subway,마장역,,37.56612593,127.043175,,2542,,5호선,,,서울특별시 성동구 마장동 810,서울특별시,성동구,마장동,810
subway,답십리역,,37.56678919,127.0520857,,2543,,5호선,,서울특별시 성동구 천호대로 282 남주빌딩,서울특별시 성동구 용답동 99-3,서울특별시,성동구,용답동,99-3
subway,장한평역,,37.56160454,127.0641021,,2544,,5호선,,,서울특별시 동대문구 장안동 472-3,서울특별시,동대문구,장안동,472-3
subway,군자역,,37.55687417,127.0795351,,2545,,7호선&5호선,,,서울특별시 광진구 능동 280-1,서울특별시,광진구,능동,280-1
subway,아차산역,,37.5524345,127.0892267,,2546,,5호선,,서울특별시 광진구 천호대로 657 5호선 아차산역,서울특별시 광진구 능동 256-16,서울특별시,광진구,능동,256-16
subway,광나루역,,37.54507088,127.1035799,,2547,,5호선,,서울특별시 광진구 아차산로 571 광나루역5호선,서울특별시 광진구 광장동 237,서울특별시,광진구,광장동,237
subway,천호역,,37.5381327,127.1231765,,2548,,8호선&5호선,,,서울특별시 송파구 풍납동 490-16,서울특별시,송파구,풍납동,490-16
subway,강동역,,37.53594264,127.1322153,,2549,,5호선,,,서울특별시 강동구 성내동 160-52,서울특별시,강동구,성내동,160-52
subway,길동역,,37.53779692,127.1400799,,2550,,5호선,,,서울특별시 강동구 길동 391-15,서울특별시,강동구,길동,391-15
subway,굽은다리역,,37.54543376,127.1430949,,2551,,5호선,,서울특별시 강동구 양재대로 1568 명일웨딩부페,서울특별시 강동구 명일동 353-2,서울특별시,강동구,명일동,353-2
subway,명일역,,37.55092836,127.1442913,,2552,,5호선,,서울특별시 강동구 양재대로 1630 GS마트,서울특별시 강동구 명일동 312-106,서울특별시,강동구,명일동,312-106
subway,고덕역,,37.55521572,127.1540232,,2553,,5호선,,서울특별시 강동구 고덕로 253 고덕역,서울특별시 강동구 고덕동 310,서울특별시,강동구,고덕동,310
subway,상일동역,,37.55641468,127.1656373,,2554,,5호선,,서울특별시 강동구 고덕로 360 고덕2치안센터,서울특별시 강동구 상일동 121-1,서울특별시,강동구,상일동,121-1
subway,둔촌동역,,37.5277391,127.1362148,,2555,,5호선,,,서울특별시 강동구 성내동 450-40,서울특별시,강동구,성내동,450-40
subway,올림픽공원역,,37.51641754,127.1310818,,2556,,5호선,,서울특별시 송파구 양재대로 1233 올림픽공원역,서울특별시 송파구 방이동 89-28,서울특별시,송파구,방이동,89-28
subway,방이역,,37.5086743,127.1261281,,2557,,5호선,,,서울특별시 송파구 오금동 17-20,서울특별시,송파구,오금동,17-20
subway,오금역,,37.50227515,127.1280717,,2558,,5호선&3호선,,,서울특별시 송파구 오금동 34-2,서울특별시,송파구,오금동,34-2
subway,개롱역,,37.49815933,127.1346825,,2559,,5호선,,서울특별시 송파구 오금로 402 개롱역,서울특별시 송파구 가락동 165-2,서울특별시,송파구,가락동,165-2
subway,거여역,,37.49358243,127.1438112,,2560,,5호선,,,서울특별시 송파구 거여동 21-18,서울특별시,송파구,거여동,21-18
subway,마천역,,37.49503765,127.1531409,,2561,,5호선,,서울특별시 송파구 마천로57길 16 마천금호아파트,서울특별시 송파구 마천동 304,서울특별시,송파구,마천동,304
subway,응암역,,37.59832109,126.915348,,2611,,6호선,,,서울특별시 은평구 신사동 22-15,서울특별시,은평구,신사동,22-15
subway,역촌역,,37.60623003,126.9232573,,2612,,6호선,,서울특별시 은평구 서오릉로 63 6호선 역촌역사무소,서울특별시 은평구 녹번동 144-69,서울특별시,은평구,녹번동,144-69
subway,독바위역,,37.61839926,126.9328723,,2614,,6호선,,서울특별시 은평구 불광로 129 불광1 치안센터,서울특별시 은평구 불광동 13-33,서울특별시,은평구,불광동,13-33
subway,구산역,,37.61114488,126.9167285,,2616,,6호선,,서울특별시 은평구 연서로 137 영진빌딩,서울특별시 은평구 구산동 1-1,서울특별시,은평구,구산동,1-1
subway,새절역,,37.5912018,126.9132864,,2617,,6호선,,서울특별시 은평구 증산로 389 신현아파트,서울특별시 은평구 신사동 337-5,서울특별시,은평구,신사동,337-5
subway,증산역,,37.5835945,126.9093782,,2618,,6호선,,서울특별시 은평구 증산로 306 6호선 증산역사무소,서울특별시 은평구 증산동 199-8,서울특별시,은평구,증산동,199-8
subway,디지털미디어시티역,,37.57682223,126.9000358,,2619,,공항철도 1호선&경의선&6호선,,,서울특별시 마포구 상암동 1092-1,서울특별시,마포구,상암동,1092-1
subway,월드컵경기장역,,37.56999897,126.8988995,,2620,,6호선,,,서울특별시 마포구 성산동,서울특별시,마포구,성산동,
subway,마포구청역,,37.56370635,126.9029828,,2621,,6호선,,,서울특별시 마포구 성산동 350-2,서울특별시,마포구,성산동,350-2
subway,망원역,,37.55553805,126.9097839,,2622,,6호선,,서울특별시 마포구 월드컵로13길 9,서울특별시 마포구 망원동 378-1,서울특별시,마포구,망원동,378-1
subway,상수역,,37.54743137,126.9228661,,2624,,6호선,,,서울특별시 마포구 상수동 309-20,서울특별시,마포구,상수동,309-20
subway,광흥창역,,37.54748027,126.9318782,,2625,,6호선,,,서울특별시 마포구 창전동 243-3,서울특별시,마포구,창전동,243-3
subway,대흥역,,37.54760476,126.9420354,,2626,,6호선,,서울특별시 마포구 백범로 96,서울특별시 마포구 대흥동 267-1,서울특별시,마포구,대흥동,267-1
subway,효창공원앞역,,37.53929516,126.9619786,,2628,,6호선,,서울특별시 용산구 백범로 295,서울특별시 용산구 효창동 70-3,서울특별시,용산구,효창동,70-3
subway,녹사평역,,37.53472741,126.9867544,,2630,,6호선,,서울특별시 용산구 녹사평대로 195 6호선 녹사평역,서울특별시 용산구 용산동4가 1-2,서울특별시,용산구,용산동4가,1-2
subway,이태원역,,37.53441098,126.9945431,,2631,,6호선,,서울특별시 용산구 이태원로 186 국민은행,서울특별시 용산구 이태원동 127-7,서울특별시,용산구,이태원동,127-7
subway,한강진역,,37.53957207,127.0014899,,2632,,6호선,,서울특별시 용산구 이태원로 271,서울특별시 용산구 한남동 산10-214,서울특별시,용산구,한남동,산10-214
subway,버티고개역,,37.54810618,127.0063106,,2633,,6호선,,서울특별시 중구 동호로17길 256-30 도현블랑빌 2차,서울특별시 중구 신당동 432-2163,서울특별시,중구,신당동,432-2163
subway,창신역,,37.57962209,127.0150976,,2638,,6호선,,서울특별시 종로구 지봉로 112 6호선 창신역,서울특별시 종로구 창신동 20-8,서울특별시,종로구,창신동,20-8
subway,보문역,,37.58548516,127.0191972,,2639,,6호선,,,서울특별시 성북구 보문동2가 91-1,서울특별시,성북구,보문동2가,91-1
subway,안암역,,37.58609595,127.0290474,,2640,,6호선,,,서울특별시 성북구 안암동5가 146-34,서울특별시,성북구,안암동5가,146-34
subway,고려대역,,37.59003319,127.0361457,,2641,,6호선,,서울특별시 성북구 종암로 1 고려대역,서울특별시 성북구 종암동 29-18,서울특별시,성북구,종암동,29-18
subway,월곡역,,37.60189568,127.0414193,,2642,,6호선,,서울특별시 성북구 월곡로 107 월곡역,서울특별시 성북구 하월곡동 35-1,서울특별시,성북구,하월곡동,35-1
subway,상월곡역,,37.60637282,127.0483616,,2643,,6호선,,,서울특별시 성북구 상월곡동 97-4,서울특별시,성북구,상월곡동,97-4
subway,돌곶이역,,37.61070098,127.0570307,,2644,,6호선,,서울특별시 성북구 화랑로 243 돌곶이역,서울특별시 성북구 석관동 349-8,서울특별시,성북구,석관동,349-8
subway,태릉입구역,,37.61806104,127.0752269,,2646,,7호선&6호선,,서울특별시 노원구 동일로 985 하늘사랑교회,서울특별시 노원구 공릉동 680-8,서울특별시,노원구,공릉동,680-8
subway,화랑대역,,37.62012,127.0844129,,2647,,6호선,,,서울특별시 노원구 공릉동 59,서울특별시,노원구,공릉동,59
subway,봉화산역,,37.61725695,127.0914231,,2648,,6호선,,서울특별시 중랑구 신내로 232 봉화산역,서울특별시 중랑구 신내동 643-1,서울특별시,중랑구,신내동,643-1
subway,장암역,,37.6996398,127.053092,,2711,,7호선,,,경기도 의정부시 장암동 245,경기도,의정부시,장암동,245
subway,수락산역,,37.67767318,127.0552986,,2713,,7호선,,서울특별시 노원구 동일로 1662 수락산역,서울특별시 노원구 상계동 1132-9,서울특별시,노원구,상계동,1132-9
subway,마들역,,37.66500431,127.0578509,,2714,,7호선,,서울특별시 노원구 동일로 1530-1,서울특별시 노원구 상계동 650,서울특별시,노원구,상계동,650
subway,중계역,,37.64503547,127.0642626,,2716,,7호선,,서울특별시 노원구 동일로 1308-1 중계역,서울특별시 노원구 중계동 503-3,서울특별시,노원구,중계동,503-3
subway,하계역,,37.63625762,127.0685015,,2717,,7호선,,,서울특별시 노원구 하계동 284-2,서울특별시,노원구,하계동,284-2
subway,공릉역,,37.62545048,127.072955,,2718,,7호선,,서울특별시 노원구 동일로 1074 공릉역,서울특별시 노원구 공릉동 385-4,서울특별시,노원구,공릉동,385-4
subway,먹골역,,37.61079034,127.0777204,,2720,,7호선,,서울특별시 중랑구 동일로 901 먹골역,서울특별시 중랑구 묵동 189-5,서울특별시,중랑구,묵동,189-5
subway,중화역,,37.602284,127.079356,,2721,,7호선,,서울특별시 중랑구 동일로 797 중화역,서울특별시 중랑구 중화동 50-3,서울특별시,중랑구,중화동,50-3
subway,상봉역,,37.59600907,127.0853282,,2722,,중앙선&7호선,,서울특별시 중랑구 면목로 495 이레빌딩,서울특별시 중랑구 상봉동 115-1,서울특별시,중랑구,상봉동,115-1
subway,면목역,,37.58873493,127.0872675,,2723,,7호선,,,서울특별시 중랑구 면목동 120-30,서울특별시,중랑구,면목동,120-30
subway,사가정역,,37.58090631,127.0884359,,2724,,7호선,,,서울특별시 중랑구 면목동 496-26,서울특별시,중랑구,면목동,496-26
subway,용마산역,,37.57389773,127.0869426,,2725,,7호선,,서울특별시 중랑구 용마산로 227 용마산역,서울특별시 중랑구 면목동 1382-13,서울특별시,중랑구,면목동,1382-13
subway,어린이대공원역,,37.54796107,127.0746871,,2728,,7호선,,,서울특별시 광진구 능동 463-1,서울특별시,광진구,능동,463-1
subway,중곡역,,37.56588086,127.0842396,,2726,,7호선,,,서울특별시 광진구 중곡동 273-1,서울특별시,광진구,중곡동,273-1
subway,뚝섬유원지역,,37.53193152,127.0669962,,2730,,7호선,,서울특별시 광진구 능동로 10 7호선 뚝섬유원지역,서울특별시 광진구 자양동 73-2,서울특별시,광진구,자양동,73-2
subway,청담역,,37.51937827,127.0537052,,2731,,7호선,,,서울특별시 강남구 삼성동 111-47,서울특별시,강남구,삼성동,111-47
subway,강남구청역,,37.51696842,127.0413514,,2732,,분당선&7호선,,,서울특별시 강남구 논현동 279-92,서울특별시,강남구,논현동,279-92
subway,학동역,,37.5139619,127.0318938,,2733,,7호선,,서울특별시 강남구 학동로 208 오창빌딩,서울특별시 강남구 논현동 208,서울특별시,강남구,논현동,208
subway,논현역,,37.51112775,127.0216318,,2734,,7호선,,서울특별시 강남구 학동로 102 논현역,서울특별시 강남구 논현동 280,서울특별시,강남구,논현동,280
subway,반포역,,37.50827106,127.0116917,,2735,,7호선,,서울특별시 서초구 신반포로 241 반포역,서울특별시 서초구 잠원동 103,서울특별시,서초구,잠원동,103
subway,내방역,,37.48763835,126.993462,,2737,,7호선,,서울특별시 서초구 서초대로 103 내방역,서울특별시 서초구 방배동 874-16,서울특별시,서초구,방배동,874-16
subway,남성역,,37.48455327,126.9710527,,2739,,7호선,,,서울특별시 동작구 사당동 250-6,서울특별시,동작구,사당동,250-6
subway,숭실대입구역,,37.49613452,126.9540404,,2740,,7호선,,서울특별시 동작구 상도로 378 7호선 숭실대입구역,서울특별시 동작구 상도동 514,서울특별시,동작구,상도동,514
subway,상도역,,37.50274534,126.9481418,,2741,,7호선,,,서울특별시 동작구 상도1동 752-2,서울특별시,동작구,상도1동,752-2
subway,장승배기역,,37.50471573,126.9387896,,2742,,7호선,,서울특별시 동작구 상도로 188 장승배기역,서울특별시 동작구 상도동 26-20,서울특별시,동작구,상도동,26-20
subway,신대방삼거리역,,37.49997024,126.9279823,,2743,,7호선,,서울특별시 동작구 상도로 65 대방동빌딩,서울특별시 동작구 대방동 394-7,서울특별시,동작구,대방동,394-7
subway,보라매역,,37.50013474,126.9205047,,2744,,7호선,,,서울특별시 동작구 대방동 466-49,서울특별시,동작구,대방동,466-49
subway,신풍역,,37.50029961,126.9094218,,2745,,7호선,,,서울특별시 영등포구 신길동 3599-2,서울특별시,영등포구,신길동,3599-2
subway,남구로역,,37.48585346,126.8872693,,2747,,7호선,,,서울특별시 구로구 구로동 800-16,서울특별시,구로구,구로동,800-16
subway,철산역,,37.47633015,126.8685713,,2749,,7호선,,경기도 광명시 철산로 13 철산역,경기도 광명시 철산동 526,경기도,광명시,철산동,526
subway,광명사거리역,,37.47922264,126.8550897,,2750,,7호선,,경기도 광명시 오리로 980 광명사거리역,경기도 광명시 광명동 158-211,경기도,광명시,광명동,158-211
subway,천왕역,,37.48705108,126.8389644,,2751,,7호선,,,서울특별시 구로구 오류동,서울특별시,구로구,오류동,
subway,까치울역,,37.5062436,126.8108744,,2753,,7호선,,경기도 부천시 원미구 길주로 626 까치울역,경기도 부천시 원미구 춘의동 3-1,경기도,부천시 원미구,춘의동,3-1
subway,부천종합운동장역,,37.50514051,126.7977581,,2754,,7호선,,경기도 부천시 원미구 소사로 482 부천종합운동장,경기도 부천시 원미구 춘의동 8,경기도,부천시 원미구,춘의동,8
subway,춘의역,,37.50367969,126.786905,,2755,,7호선,,,경기도 부천시 원미구 춘의동,경기도,부천시 원미구,춘의동,
subway,신중동역,,37.50329908,126.7760491,,2756,,7호선,,,경기도 부천시 원미구 중동 1242,경기도,부천시 원미구,중동,1242
subway,부천시청역,,37.50471672,126.7638306,,2757,,7호선,,경기도 부천시 원미구 길주로 202 부천시청역,경기도 부천시 원미구 중동 1243,경기도,부천시 원미구,중동,1243
subway,상동역,,37.50577651,126.7534223,,2758,,7호선,,경기도 부천시 원미구 길주로 104 상동역,경기도 부천시 원미구 상동 633,경기도,부천시 원미구,상동,633
subway,삼산체육관역,,37.50683241,126.7416565,,2759,,7호선,,,인천광역시 부평구 삼산동 458-4,인천광역시,부평구,삼산동,458-4
subway,굴포천역,,37.50681216,126.7326087,,2760,,7호선,,,인천광역시 부평구 부개동 487,인천광역시,부평구,부개동,487
subway,암사역,,37.55007512,127.1276772,,2811,,8호선,,,서울특별시 강동구 암사동 548,서울특별시,강동구,암사동,548
subway,강동구청역,,37.53048774,127.1205484,,2813,,8호선,,,서울특별시 강동구 성내동 62-1,서울특별시,강동구,성내동,62-1
subway,몽촌토성역,,37.51738441,127.1123878,,2814,,8호선,,,서울특별시 송파구 방이동 94-3,서울특별시,송파구,방이동,94-3
subway,석촌역,,37.50557507,127.1074484,,2816,,8호선,,,서울특별시 송파구 송파동 68,서울특별시,송파구,송파동,68
subway,송파역,,37.49951638,127.111805,,2817,,8호선,,서울특별시 송파구 송파대로 345 가락시영아파트,서울특별시 송파구 가락동 479,서울특별시,송파구,가락동,479
subway,가락시장역,,37.4930301,127.118354,,2818,,8호선&3호선,,서울특별시 송파구 송파대로 257 가락시장역,서울특별시 송파구 가락동 184-23,서울특별시,송파구,가락동,184-23
subway,문정역,,37.48572067,127.1224492,,2819,,8호선,,,서울특별시 송파구 문정동 315-2,서울특별시,송파구,문정동,315-2
subway,장지역,,37.47858076,127.1262816,,2820,,8호선,,서울특별시 송파구 송파대로 82 장지역,서울특별시 송파구 장지동 201-5,서울특별시,송파구,장지동,201-5
subway,산성역,,37.45647219,127.1494915,,2822,,8호선,,,경기도 성남시 수정구 신흥동 4-4,경기도,성남시 수정구,신흥동,4-4
subway,남한산성입구역,,37.45161833,127.1600285,,2823,,8호선,,,경기도 성남시 중원구 금광동 4850,경기도,성남시 중원구,금광동,4850
subway,단대오거리역,,37.44522597,127.1564214,,2824,,8호선,,,경기도 성남시 수정구 신흥동 2458-1,경기도,성남시 수정구,신흥동,2458-1
subway,신흥역,,37.44101361,127.1473276,,2825,,8호선,,경기도 성남시 수정구 산성대로 243-5,경기도 성남시 수정구 신흥동 2467,경기도,성남시 수정구,신흥동,2467
subway,수진역,,37.43744311,127.140437,,2826,,8호선,,경기도 성남시 수정구 산성대로 200 수진역,경기도 성남시 수정구 수진동 2205-1,경기도,성남시 수정구,수진동,2205-1
subway,계양역,,37.57157582,126.7360074,,3110,,공항철도 1호선&경의선,,,인천광역시 계양구 귤현동 451-475,인천광역시,계양구,귤현동,451-475
subway,부평구청역,,37.5085857,126.7203874,,3118,,7호선,,인천광역시 부평구 부평대로 189 부평구청역,인천광역시 부평구 청천동 112,인천광역시,부평구,청천동,112
subway,원인재역,,37.41237064,126.687886,,3130,,수인선,,인천광역시 연수구 경원대로 285 원인재역,인천광역시 연수구 연수동 647,인천광역시,연수구,연수동,647
subway,개화역,,37.57840075,126.7971058,,4101,,9호선,,서울특별시 강서구 개화동로8길 38 종합관리및 복리후생동,서울특별시 강서구 개화동 493-2,서울특별시,강서구,개화동,493-2
subway,공항시장역,,37.56364796,126.8110905,,4103,,9호선,,,서울특별시 강서구 공항동 22-84,서울특별시,강서구,공항동,22-84
subway,신방화역,,37.56726124,126.8169672,,4104,,9호선,,,서울특별시 강서구 마곡동,서울특별시,강서구,마곡동,
subway,마곡나루역,,37.56691666,126.8273815,,4105,,9호선,,,서울특별시 강서구 마곡동,서울특별시,강서구,마곡동,
subway,양천향교역,,37.56791009,126.8417771,,4106,,9호선,,서울특별시 강서구 양천로 354 옥천빌딩,서울특별시 강서구 가양동 133,서울특별시,강서구,가양동,133
subway,가양역,,37.5611873,126.8545582,,4107,,9호선,,,서울특별시 강서구 등촌동 77-21,서울특별시,강서구,등촌동,77-21
subway,증미역,,37.55795092,126.8604497,,4108,,9호선,,서울특별시 강서구 양천로 550 강서소방서,서울특별시 강서구 등촌동 630-2,서울특별시,강서구,등촌동,630-2
subway,등촌역,,37.55110873,126.8649893,,4109,,9호선,,서울특별시 강서구 공항대로 529 등촌역9호선,서울특별시 강서구 등촌동 666-94,서울특별시,강서구,등촌동,666-94
subway,염창역,,37.54697504,126.8747285,,4110,,9호선,,서울특별시 강서구 공항대로 631 염창역 9호선,서울특별시 강서구 염창동 284-84,서울특별시,강서구,염창동,284-84
subway,신목동역,,37.5439205,126.883243,,4111,,9호선,,,서울특별시 양천구 목동 138-23,서울특별시,양천구,목동,138-23
subway,선유도역,,37.53780332,126.8932185,,4112,,9호선,,서울특별시 영등포구 양평로21가길 4,서울특별시 영등포구 양평동5가 33,서울특별시,영등포구,양평동5가,33
subway,국회의사당역,,37.5280132,126.9176689,,4114,,9호선,,서울특별시 영등포구 국회대로 758 국회의사당역,서울특별시 영등포구 여의도동 1-6,서울특별시,영등포구,여의도동,1-6
subway,샛강역,,37.51684779,126.9280879,,4116,,9호선,,,서울특별시 영등포구 여의도동 5-7,서울특별시,영등포구,여의도동,5-7
subway,노들역,,37.51289644,126.953428,,4118,,9호선,,,서울특별시 동작구 본동 126-3,서울특별시,동작구,본동,126-3
subway,흑석역,,37.50893583,126.963836,,4119,,9호선,,,서울특별시 동작구 흑석동 3,서울특별시,동작구,흑석동,3
subway,구반포역,,37.50173301,126.9873626,,4121,,9호선,,,서울특별시 서초구 반포동,서울특별시,서초구,반포동,
subway,신반포역,,37.50353575,126.9964098,,4122,,9호선,,서울특별시 서초구 신반포로 105 신반포역,서울특별시 서초구 반포동 128-1,서울특별시,서초구,반포동,128-1
subway,사평역,,37.50447929,127.0154097,,4124,,9호선,,,서울특별시 서초구 반포동,서울특별시,서초구,반포동,
subway,신논현역,,37.50465793,127.0251812,,4125,,9호선,,서울특별시 강남구 봉은사로 102 신논현역,서울특별시 강남구 역삼동 800,서울특별시,강남구,역삼동,800
subway,언주역,,37.50717857,127.03423,,4126,,9호선2단계,,서울특별시 강남구 논현로 570 부봉빌딩,서울특별시 강남구 역삼동 650,서울특별시,강남구,역삼동,650
subway,삼성중앙역,,37.51221775,127.0523293,,4128,,9호선2단계,,서울특별시 강남구 봉은사로74길 7-11,서울특별시 강남구 삼성동 117-4,서울특별시,강남구,삼성동,117-4
subway,봉은사역,,37.51401596,127.0604745,,4129,,9호선2단계,,,서울특별시 강남구 삼성동 111-8,서울특별시,강남구,삼성동,111-8
subway,검암역,,37.56921989,126.6733521,,4209,,공항철도 1호선&경의선,,,인천광역시 서구 시천동 162-125,인천광역시,서구,시천동,162-125
subway,청라국제도시역,,37.55609699,126.6236136,,4210,,공항철도 1호선,,,인천광역시 서구 경서동 714,인천광역시,서구,경서동,714
subway,운서역,,37.49272157,126.4938496,,4211,,공항철도 1호선,,인천광역시 중구 흰바위로59번길 26 운서역,인천광역시 중구 운서동 1427-27,인천광역시,중구,운서동,1427-27
subway,공항화물청사역,,37.4589536,126.4776214,,4212,,공항철도 1호선,,,인천광역시 중구 운서동 2844-6,인천광역시,중구,운서동,2844-6